location_id,broken
loc_0000,0
loc_0469,0
loc_2661,0
loc_1553,0
loc_2150,0
loc_0846,0
loc_0633,0
loc_2515,0
loc_1149,1
loc_1940,1
loc_1347,0
loc_0847,0
loc_2360,0
loc_2412,0
loc_1552,0
loc_0023,0
loc_0848,1
loc_1202,1
loc_0140,0
loc_1866,1
loc_2934,0
loc_2097,0
loc_1555,1
loc_2436,1
loc_2262,0
loc_0845,0
loc_1801,0
loc_0236,0
loc_0139,1
loc_1554,0
loc_0328,0
loc_2852,1
loc_0569,0
loc_1025,0
loc_2740,0
loc_1346,1
loc_2784,1
loc_2610,0
loc_2001,0
loc_2500,1
loc_2897,0
loc_2232,1
loc_1549,1
loc_1024,0
loc_0851,1
loc_1349,0
loc_0631,1
loc_2214,1
loc_0850,1
loc_1804,0
loc_1201,0
loc_1548,1
loc_2060,0
loc_1150,0
loc_2877,0
loc_1023,0
loc_2957,0
loc_0467,0
loc_2149,1
loc_2783,0
loc_0141,0
loc_2287,0
loc_0386,0
loc_2549,0
loc_1802,0
loc_1551,1
loc_0468,0
loc_0303,0
loc_0235,1
loc_0632,0
loc_0849,1
loc_1550,1
loc_2611,0
loc_1941,0
loc_1803,0
loc_2332,0
loc_1348,1
loc_2395,0
loc_1026,0
loc_0470,1
loc_1148,0
loc_1203,1
loc_2696,0
loc_2003,1
loc_1029,0
loc_1561,1
loc_0840,1
loc_0568,0
loc_1867,0
loc_1204,1
loc_2533,1
loc_1342,1
loc_2331,0
loc_0472,1
loc_2261,0
loc_2044,0
loc_1799,0
loc_1560,1
loc_2419,1
loc_2986,0
loc_2608,0
loc_1562,0
loc_2312,1
loc_1564,0
loc_1031,0
loc_1341,0
loc_1563,0
loc_1937,0
loc_0473,0
loc_0025,0
loc_1030,1
loc_2739,1
loc_2152,0
loc_0238,0
loc_0135,1
loc_0635,1
loc_2463,1
loc_0839,0
loc_1798,1
loc_1938,0
loc_0570,0
loc_2096,0
loc_0302,0
loc_0024,0
loc_1027,0
loc_0385,0
loc_1557,1
loc_2710,0
loc_1147,1
loc_2836,0
loc_0842,0
loc_2151,0
loc_1556,0
loc_0844,0
loc_1939,1
loc_2958,0
loc_2002,0
loc_1345,1
loc_0138,1
loc_0843,0
loc_1344,0
loc_1028,1
loc_0137,0
loc_0384,0
loc_0841,1
loc_2662,0
loc_2448,0
loc_2213,1
loc_1343,0
loc_1800,1
loc_1559,0
loc_2061,0
loc_2785,1
loc_2361,0
loc_1558,1
loc_2609,0
loc_0237,0
loc_0471,1
loc_2876,1
loc_0634,0
loc_0136,1
loc_0636,0
loc_1022,1
loc_2263,0
loc_0147,0
loc_1809,1
loc_1017,1
loc_2742,1
loc_1945,0
loc_0231,1
loc_2935,0
loc_1864,0
loc_1536,1
loc_0626,0
loc_1198,0
loc_1153,1
loc_2333,1
loc_2780,0
loc_0862,1
loc_0020,1
loc_0462,0
loc_1535,0
loc_0861,1
loc_0326,0
loc_0146,0
loc_0463,0
loc_0627,0
loc_2476,1
loc_2099,1
loc_2878,1
loc_1808,0
loc_1537,1
loc_2146,0
loc_2264,0
loc_1356,1
loc_1199,0
loc_1538,0
loc_2614,0
loc_2358,0
loc_1357,1
loc_0860,0
loc_1534,0
loc_2615,0
loc_0148,0
loc_2100,1
loc_0305,0
loc_1532,0
loc_2658,1
loc_1359,0
loc_2547,1
loc_1810,0
loc_0625,1
loc_1531,1
loc_2779,0
loc_0866,1
loc_1360,0
loc_2955,0
loc_0624,1
loc_2216,1
loc_2357,1
loc_0460,0
loc_1015,1
loc_1998,1
loc_0149,0
loc_2838,0
loc_2896,0
loc_0390,0
loc_2145,1
loc_0863,1
loc_0572,0
loc_1358,1
loc_1533,0
loc_1946,0
loc_1016,1
loc_0461,0
loc_0864,1
loc_2917,0
loc_0865,0
loc_0230,1
loc_2311,0
loc_2424,1
loc_1355,0
loc_2659,1
loc_2956,0
loc_2215,0
loc_0853,0
loc_0143,0
loc_2660,1
loc_1545,1
loc_1351,0
loc_0630,1
loc_2837,0
loc_0466,1
loc_2782,0
loc_1544,1
loc_0233,0
loc_1543,1
loc_0327,0
loc_0465,0
loc_1943,0
loc_1020,0
loc_0854,0
loc_2741,1
loc_1021,0
loc_1805,1
loc_0852,1
loc_0142,0
loc_0234,0
loc_1200,1
loc_1547,1
loc_0387,0
loc_1350,0
loc_1546,0
loc_1942,1
loc_0022,0
loc_2045,0
loc_2612,0
loc_2697,1
loc_2148,1
loc_2464,0
loc_1865,1
loc_2359,1
loc_0388,1
loc_2098,1
loc_0144,1
loc_1352,0
loc_0021,1
loc_2781,0
loc_0858,0
loc_1018,1
loc_1540,0
loc_0232,0
loc_1807,0
loc_2430,0
loc_2514,1
loc_0389,0
loc_0859,1
loc_1152,1
loc_2987,0
loc_1539,1
loc_1999,0
loc_0628,0
loc_1944,0
loc_2286,0
loc_0304,0
loc_0145,1
loc_0855,1
loc_1353,0
loc_1542,0
loc_2548,0
loc_2147,0
loc_0856,0
loc_1806,0
loc_2613,0
loc_2709,0
loc_1151,0
loc_1019,1
loc_0629,1
loc_1541,0
loc_1354,0
loc_0571,0
loc_0464,0
loc_0857,1
loc_2000,1
loc_0838,0
loc_2786,0
loc_2550,0
loc_1042,0
loc_2092,0
loc_1789,1
loc_1587,0
loc_2602,0
loc_1930,1
loc_2490,0
loc_1210,0
loc_2042,0
loc_1327,1
loc_1586,0
loc_0643,1
loc_2834,1
loc_2791,0
loc_0817,1
loc_0124,0
loc_2159,1
loc_2007,0
loc_2666,0
loc_2437,1
loc_0816,0
loc_1870,1
loc_0299,0
loc_1326,0
loc_1589,0
loc_1788,1
loc_2365,0
loc_2258,0
loc_1043,1
loc_2873,0
loc_0123,0
loc_0245,0
loc_2234,1
loc_2443,1
loc_0564,1
loc_1588,1
loc_0483,1
loc_1328,0
loc_0029,1
loc_0818,0
loc_0481,0
loc_1931,0
loc_1209,0
loc_1041,1
loc_2790,1
loc_0821,0
loc_2711,0
loc_2603,1
loc_2062,0
loc_1582,0
loc_1143,0
loc_1330,0
loc_0822,0
loc_2853,0
loc_2961,0
loc_0379,0
loc_2289,0
loc_1790,1
loc_2552,0
loc_2932,0
loc_2393,0
loc_0482,0
loc_2899,1
loc_2736,1
loc_0378,1
loc_1585,0
loc_1329,0
loc_0819,0
loc_2985,0
loc_1584,1
loc_0642,0
loc_1583,0
loc_2158,1
loc_0820,0
loc_0244,1
loc_2329,1
loc_0125,1
loc_1044,0
loc_1929,0
loc_0815,0
loc_1325,0
loc_1047,0
loc_1927,1
loc_1785,1
loc_0486,1
loc_0247,1
loc_2366,0
loc_0646,1
loc_1596,1
loc_1595,0
loc_1212,0
loc_2694,0
loc_0563,1
loc_2600,1
loc_2257,0
loc_1046,0
loc_2735,0
loc_0811,0
loc_0810,0
loc_2461,0
loc_1140,1
loc_0487,1
loc_2931,0
loc_1871,1
loc_1598,1
loc_2872,0
loc_2833,1
loc_1048,0
loc_2793,0
loc_0809,1
loc_2485,1
loc_2009,1
loc_0031,0
loc_1597,0
loc_2532,0
loc_1321,0
loc_0119,1
loc_2161,0
loc_0120,0
loc_0126,0
loc_0376,1
loc_1786,0
loc_0813,1
loc_2008,1
loc_1324,0
loc_0030,1
loc_1591,0
loc_2601,0
loc_1787,1
loc_1045,0
loc_0484,0
loc_0377,1
loc_2962,1
loc_0331,0
loc_1142,0
loc_1590,0
loc_0122,0
loc_0644,0
loc_0814,1
loc_0246,0
loc_1211,1
loc_2792,0
loc_1594,0
loc_0812,0
loc_1322,0
loc_2667,0
loc_1141,1
loc_1593,1
loc_1323,1
loc_2518,0
loc_1928,1
loc_0485,0
loc_2478,1
loc_2091,0
loc_0121,0
loc_0645,0
loc_2210,0
loc_2160,1
loc_1592,0
loc_2553,0
loc_2665,1
loc_2157,0
loc_1869,1
loc_1570,0
loc_2606,1
loc_2212,1
loc_1796,0
loc_2260,1
loc_2233,0
loc_2898,1
loc_0301,0
loc_1935,0
loc_0382,1
loc_1569,1
loc_0833,0
loc_2933,0
loc_0132,0
loc_0026,1
loc_1033,0
loc_0240,1
loc_1337,1
loc_0476,1
loc_0131,1
loc_1573,1
loc_1934,0
loc_2155,0
loc_0830,1
loc_2330,0
loc_0638,1
loc_2918,0
loc_1146,0
loc_1572,0
loc_0831,1
loc_1336,1
loc_0832,0
loc_1868,0
loc_1795,1
loc_1571,0
loc_1034,1
loc_2738,1
loc_0475,0
loc_1335,0
loc_2875,1
loc_2911,1
loc_1936,1
loc_1566,1
loc_2607,1
loc_0239,1
loc_0637,0
loc_0474,0
loc_2477,0
loc_0836,1
loc_2095,1
loc_1205,1
loc_2959,1
loc_0383,0
loc_1340,0
loc_1565,1
loc_0134,0
loc_0837,0
loc_2153,1
loc_1032,1
loc_2304,0
loc_1206,1
loc_2004,1
loc_1568,0
loc_1338,1
loc_2154,0
loc_2787,1
loc_1567,1
loc_0834,1
loc_0567,0
loc_1797,1
loc_2288,0
loc_2516,0
loc_0835,1
loc_2394,0
loc_2663,0
loc_1339,0
loc_2362,0
loc_0133,1
loc_0329,0
loc_1530,0
loc_0381,0
loc_0241,1
loc_2211,0
loc_1579,0
loc_2517,0
loc_1932,1
loc_2789,0
loc_0825,0
loc_1332,0
loc_0641,0
loc_1578,0
loc_0330,0
loc_1038,1
loc_1792,0
loc_1333,0
loc_0479,0
loc_2874,1
loc_1208,0
loc_2604,1
loc_1331,0
loc_2006,1
loc_0127,0
loc_2462,1
loc_1791,0
loc_1040,0
loc_0565,0
loc_0480,1
loc_0823,0
loc_1581,0
loc_0243,1
loc_0824,0
loc_2364,0
loc_2411,0
loc_1580,1
loc_0028,0
loc_2259,0
loc_0300,1
loc_1039,0
loc_2093,0
loc_2695,1
loc_2664,0
loc_1577,1
loc_0380,0
loc_2605,0
loc_0027,0
loc_0566,1
loc_2788,1
loc_1207,0
loc_2043,1
loc_1145,1
loc_1574,1
loc_1035,1
loc_2363,0
loc_2960,0
loc_2551,0
loc_1794,0
loc_0477,0
loc_0829,1
loc_0130,0
loc_2094,0
loc_2499,0
loc_2005,1
loc_2835,0
loc_1933,1
loc_0640,1
loc_0242,1
loc_1144,1
loc_1793,1
loc_1576,0
loc_2156,1
loc_1037,0
loc_0826,0
loc_1334,1
loc_0478,1
loc_0827,1
loc_0129,0
loc_1036,0
loc_0828,1
loc_1575,0
loc_0639,0
loc_0128,1
loc_2328,1
loc_2616,0
loc_2059,1
loc_1386,1
loc_1960,1
loc_0991,0
loc_2107,1
loc_2842,0
loc_0905,0
loc_0171,0
loc_1827,0
loc_0906,1
loc_2627,1
loc_0217,1
loc_1387,0
loc_0011,0
loc_0441,0
loc_1187,0
loc_2893,0
loc_1485,0
loc_0402,0
loc_0442,0
loc_1486,0
loc_1162,0
loc_0218,1
loc_0401,0
loc_2351,1
loc_1826,0
loc_2950,0
loc_0170,1
loc_2543,0
loc_1990,0
loc_1487,1
loc_2133,0
loc_0904,0
loc_2337,1
loc_0610,0
loc_1188,1
loc_2700,0
loc_1385,0
loc_2306,0
loc_1484,1
loc_2132,1
loc_0440,0
loc_0909,0
loc_0989,0
loc_2749,1
loc_1481,0
loc_1829,1
loc_2628,0
loc_0580,1
loc_0173,0
loc_2131,1
loc_0910,1
loc_2282,1
loc_2431,0
loc_1389,1
loc_0608,0
loc_1480,0
loc_0216,1
loc_0310,0
loc_0990,1
loc_0609,0
loc_1483,1
loc_2229,0
loc_2510,0
loc_1961,0
loc_0172,0
loc_2769,0
loc_2468,0
loc_1858,1
loc_2651,1
loc_0907,0
loc_1828,0
loc_1482,0
loc_1989,0
loc_2503,1
loc_2049,0
loc_1388,0
loc_0908,0
loc_0322,1
loc_0903,0
loc_2770,1
loc_0992,0
loc_1381,0
loc_2398,0
loc_2352,1
loc_1494,0
loc_2625,1
loc_2414,0
loc_0167,0
loc_1160,1
loc_2916,0
loc_0995,1
loc_2106,0
loc_0898,0
loc_0613,0
loc_1493,1
loc_1991,0
loc_1382,0
loc_0445,1
loc_2057,0
loc_0996,1
loc_2989,0
loc_2747,0
loc_2951,1
loc_0166,0
loc_2310,0
loc_0399,1
loc_2269,0
loc_0013,0
loc_0220,0
loc_2995,0
loc_1824,1
loc_2653,0
loc_1380,0
loc_0896,1
loc_1495,1
loc_2135,1
loc_0897,0
loc_0578,0
loc_1958,1
loc_1962,0
loc_1859,1
loc_1825,1
loc_0012,0
loc_0902,0
loc_0993,0
loc_2748,1
loc_2652,0
loc_1384,0
loc_0169,1
loc_2626,1
loc_0611,0
loc_0443,1
loc_2434,1
loc_2270,0
loc_2883,0
loc_1189,0
loc_0579,0
loc_1488,0
loc_2220,0
loc_1489,1
loc_1383,1
loc_0901,0
loc_2771,1
loc_0899,1
loc_1161,1
loc_1492,1
loc_0309,0
loc_0444,0
loc_0219,1
loc_0994,0
loc_0168,0
loc_2938,0
loc_2134,0
loc_0900,0
loc_0612,1
loc_1491,0
loc_0400,1
loc_1490,0
loc_1959,0
loc_2535,1
loc_0997,1
loc_2706,0
loc_2350,1
loc_2948,0
loc_0582,0
loc_2128,0
loc_2469,0
loc_0920,0
loc_2488,0
loc_0179,0
loc_1987,0
loc_2050,0
loc_1396,1
loc_1468,1
loc_0921,0
loc_0008,0
loc_2990,0
loc_2281,0
loc_1397,1
loc_2649,1
loc_1467,1
loc_0435,1
loc_0983,1
loc_2272,1
loc_0405,0
loc_0178,0
loc_2766,0
loc_0919,1
loc_1184,1
loc_1165,1
loc_2631,0
loc_1470,1
loc_1965,1
loc_0213,0
loc_1395,0
loc_0605,1
loc_2701,1
loc_1834,0
loc_1469,1
loc_2509,0
loc_0922,0
loc_2892,1
loc_1466,0
loc_1986,1
loc_1464,0
loc_0433,1
loc_2751,0
loc_1399,1
loc_1463,0
loc_0181,1
loc_1835,1
loc_0320,0
loc_2127,0
loc_0924,0
loc_2273,1
loc_1856,0
loc_1836,1
loc_0980,1
loc_0312,0
loc_1166,1
loc_2348,0
loc_0923,0
loc_2765,0
loc_1966,1
loc_0434,1
loc_2885,0
loc_0406,0
loc_0604,0
loc_2222,0
loc_0180,1
loc_2309,0
loc_0212,1
loc_0982,0
loc_1398,0
loc_2541,0
loc_1465,1
loc_2632,1
loc_1183,0
loc_0981,1
loc_2110,1
loc_0984,1
loc_1471,1
loc_1833,0
loc_2843,1
loc_2849,0
loc_0988,1
loc_0438,1
loc_2884,0
loc_2542,1
loc_0215,0
loc_0175,1
loc_2629,1
loc_0581,1
loc_1831,0
loc_1476,0
loc_0913,0
loc_1963,1
loc_1988,0
loc_0987,0
loc_1475,1
loc_2939,0
loc_1477,1
loc_2913,0
loc_0321,1
loc_1479,0
loc_1390,1
loc_0439,0
loc_2271,0
loc_2949,0
loc_0174,1
loc_0010,1
loc_2474,0
loc_2108,0
loc_0403,1
loc_1186,0
loc_1830,1
loc_2768,0
loc_0911,0
loc_1391,0
loc_1478,0
loc_0912,1
loc_2130,0
loc_1163,1
loc_0914,0
loc_2650,0
loc_2750,1
loc_1964,1
loc_0311,0
loc_2109,0
loc_2129,1
loc_0177,0
loc_2338,1
loc_0985,0
loc_2399,0
loc_2056,1
loc_1164,1
loc_1472,0
loc_1394,1
loc_0436,1
loc_0918,0
loc_0606,1
loc_0917,1
loc_2349,1
loc_0009,1
loc_0214,1
loc_1392,1
loc_1185,0
loc_1474,0
loc_0176,0
loc_1857,0
loc_1832,0
loc_0986,0
loc_0437,1
loc_0404,0
loc_1393,1
loc_2767,1
loc_0915,1
loc_2446,0
loc_2221,0
loc_1473,0
loc_2630,0
loc_0916,0
loc_0607,1
loc_2048,0
loc_1190,1
loc_0446,0
loc_2305,0
loc_1519,1
loc_2102,1
loc_0155,1
loc_1366,1
loc_0876,1
loc_0621,1
loc_0325,0
loc_2912,0
loc_0455,0
loc_1518,1
loc_2619,1
loc_2880,0
loc_0017,1
loc_2141,0
loc_0877,1
loc_1008,1
loc_2895,1
loc_1950,1
loc_2744,0
loc_2839,0
loc_2954,1
loc_2777,0
loc_0874,1
loc_0154,0
loc_0574,0
loc_0306,1
loc_1520,1
loc_0456,0
loc_2936,1
loc_1521,1
loc_1814,0
loc_0875,1
loc_2435,0
loc_2266,1
loc_1009,0
loc_0227,0
loc_0394,1
loc_1195,0
loc_1517,0
loc_0620,0
loc_1816,1
loc_1369,0
loc_0157,1
loc_1006,0
loc_2140,0
loc_2466,0
loc_0879,0
loc_1194,0
loc_1515,0
loc_0575,1
loc_0880,1
loc_1817,1
loc_1514,0
loc_2620,0
loc_0225,0
loc_2047,1
loc_0454,0
loc_1368,1
loc_1995,0
loc_0226,0
loc_0156,1
loc_2546,0
loc_1862,0
loc_2447,0
loc_2217,0
loc_2988,1
loc_2656,0
loc_1367,0
loc_1815,0
loc_2776,0
loc_0878,0
loc_1516,0
loc_1951,0
loc_2397,0
loc_1007,0
loc_2355,0
loc_0622,1
loc_2618,0
loc_2413,0
loc_2356,0
loc_0151,1
loc_2403,0
loc_2396,1
loc_1013,0
loc_2743,0
loc_2879,0
loc_0869,0
loc_1528,1
loc_1527,0
loc_1197,0
loc_1526,0
loc_2285,0
loc_2513,0
loc_1948,0
loc_2489,1
loc_2046,1
loc_1362,0
loc_1811,0
loc_2265,1
loc_1361,0
loc_2486,1
loc_1154,1
loc_2465,0
loc_0150,0
loc_0391,1
loc_0867,0
loc_1947,1
loc_0019,0
loc_1014,0
loc_0868,1
loc_2851,0
loc_0573,1
loc_1529,1
loc_0229,1
loc_1997,1
loc_0459,0
loc_2501,1
loc_2617,0
loc_1005,0
loc_1012,0
loc_1863,1
loc_0623,0
loc_1196,0
loc_1011,0
loc_1364,0
loc_1523,1
loc_1949,0
loc_1813,1
loc_0018,1
loc_0873,0
loc_1010,0
loc_2698,1
loc_1522,0
loc_2231,1
loc_1996,1
loc_0393,1
loc_1365,1
loc_2142,0
loc_0153,1
loc_2334,0
loc_0457,1
loc_2534,0
loc_0458,0
loc_0152,0
loc_2143,1
loc_1812,0
loc_1525,0
loc_0228,0
loc_2657,1
loc_1363,1
loc_2778,0
loc_0870,1
loc_2708,1
loc_1155,0
loc_0871,0
loc_2101,1
loc_0872,0
loc_1524,1
loc_0392,0
loc_0395,0
loc_0453,0
loc_1370,0
loc_2137,1
loc_0577,1
loc_2654,0
loc_1376,1
loc_2773,0
loc_0891,0
loc_0308,1
loc_1000,1
loc_2623,0
loc_1377,0
loc_0448,1
loc_0014,1
loc_0892,0
loc_2894,0
loc_0999,0
loc_0398,0
loc_1501,0
loc_2850,1
loc_0163,0
loc_1502,0
loc_0889,0
loc_2952,0
loc_0616,0
loc_1993,0
loc_2502,0
loc_1820,1
loc_0162,1
loc_0449,1
loc_1504,1
loc_1375,0
loc_2746,0
loc_1503,0
loc_1955,1
loc_0890,0
loc_1821,0
loc_0222,0
loc_2353,0
loc_1500,1
loc_0397,0
loc_0893,0
loc_1191,1
loc_2882,0
loc_0165,1
loc_2841,0
loc_1860,0
loc_2336,1
loc_2544,1
loc_1823,0
loc_2624,1
loc_2772,0
loc_1497,0
loc_1379,0
loc_1957,0
loc_2230,1
loc_2444,1
loc_1496,1
loc_2283,0
loc_0895,0
loc_2219,0
loc_0614,0
loc_0894,1
loc_0323,1
loc_2136,1
loc_2467,0
loc_0615,1
loc_0221,0
loc_2707,1
loc_1499,0
loc_2511,1
loc_1956,0
loc_1159,0
loc_1992,1
loc_1378,0
loc_1822,0
loc_1498,1
loc_0447,0
loc_0998,0
loc_2105,1
loc_0164,1
loc_2144,0
loc_1001,0
loc_2268,0
loc_0159,1
loc_0307,0
loc_2139,1
loc_0883,1
loc_0618,0
loc_2840,1
loc_0224,0
loc_2284,1
loc_1511,1
loc_0884,0
loc_1510,0
loc_2621,0
loc_2218,0
loc_1953,1
loc_2418,1
loc_2335,0
loc_2655,0
loc_2775,1
loc_0452,0
loc_2103,0
loc_0881,0
loc_2058,1
loc_1513,0
loc_2953,0
loc_2745,0
loc_0158,1
loc_2267,0
loc_0016,0
loc_1371,0
loc_2512,0
loc_1952,0
loc_1193,0
loc_1156,0
loc_0882,1
loc_2475,0
loc_0619,0
loc_1512,0
loc_2354,1
loc_1158,0
loc_0576,1
loc_1004,0
loc_0887,1
loc_1506,1
loc_0161,1
loc_0617,0
loc_1157,1
loc_0223,1
loc_1374,0
loc_0015,0
loc_1954,0
loc_2622,0
loc_1861,0
loc_2545,1
loc_0450,0
loc_1819,0
loc_0888,1
loc_1505,0
loc_2937,1
loc_2104,0
loc_1002,0
loc_2774,0
loc_0396,0
loc_0324,0
loc_1509,1
loc_0160,0
loc_1818,0
loc_1994,0
loc_1372,0
loc_0451,0
loc_2881,0
loc_1373,0
loc_0886,1
loc_1508,0
loc_1192,0
loc_2699,1
loc_1003,1
loc_1507,1
loc_2138,1
loc_0885,0
loc_0375,0
loc_0248,1
loc_0118,0
loc_2440,1
loc_2246,0
loc_0729,0
loc_0677,0
loc_1689,1
loc_0272,0
loc_0730,0
loc_0076,1
loc_1232,1
loc_1688,1
loc_2577,0
loc_0676,0
loc_2379,1
loc_0731,1
loc_2068,0
loc_1123,0
loc_2925,1
loc_0289,0
loc_0354,1
loc_2185,1
loc_2025,1
loc_1267,0
loc_2905,0
loc_1690,1
loc_2525,0
loc_0548,0
loc_1899,0
loc_2455,0
loc_0524,0
loc_2863,0
loc_1093,0
loc_2997,0
loc_2077,0
loc_2716,1
loc_1268,0
loc_1750,0
loc_2316,0
loc_1092,1
loc_1900,1
loc_0523,0
loc_0355,1
loc_0549,0
loc_0078,0
loc_2184,0
loc_0733,0
loc_1684,0
loc_2578,0
loc_1124,0
loc_0271,0
loc_1270,0
loc_1901,1
loc_1125,1
loc_0734,0
loc_1683,0
loc_1090,1
loc_0735,0
loc_2024,1
loc_2826,0
loc_0522,1
loc_1685,0
loc_0047,0
loc_2973,1
loc_2321,0
loc_1881,0
loc_1751,0
loc_0077,0
loc_2680,1
loc_1269,0
loc_1687,0
loc_2857,0
loc_2812,0
loc_1091,0
loc_2724,1
loc_1752,1
loc_1686,1
loc_0732,0
loc_0675,0
loc_1749,0
loc_2562,0
loc_0075,1
loc_1094,0
loc_2980,0
loc_0680,0
loc_1097,0
loc_1696,0
loc_2575,1
loc_0547,0
loc_2921,1
loc_0723,0
loc_0288,1
loc_0724,0
loc_2974,0
loc_2380,0
loc_0274,0
loc_1882,0
loc_2407,0
loc_2026,0
loc_2814,0
loc_0527,1
loc_0072,1
loc_1263,0
loc_1747,0
loc_1262,0
loc_1699,0
loc_2239,0
loc_1121,1
loc_2297,0
loc_1698,0
loc_2187,1
loc_1122,0
loc_0722,0
loc_1098,0
loc_2320,1
loc_0049,0
loc_1697,0
loc_1897,1
loc_0352,0
loc_2387,1
loc_2494,0
loc_2561,0
loc_0679,0
loc_0073,0
loc_0340,1
loc_1095,0
loc_2723,1
loc_0525,0
loc_0048,0
loc_0727,1
loc_1692,1
loc_0726,0
loc_2576,0
loc_0273,0
loc_1266,0
loc_2689,0
loc_1691,0
loc_2813,0
loc_2998,0
loc_0728,0
loc_1233,0
loc_2186,0
loc_0074,1
loc_2200,0
loc_1748,0
loc_1096,0
loc_2076,0
loc_1264,0
loc_0526,1
loc_0725,0
loc_1234,0
loc_2035,1
loc_1695,0
loc_2245,0
loc_0353,0
loc_1694,1
loc_2681,1
loc_1265,0
loc_1693,1
loc_1898,0
loc_0678,1
loc_2825,1
loc_0721,1
loc_1753,1
loc_0521,1
loc_1672,0
loc_2581,0
loc_2809,0
loc_0744,0
loc_0084,1
loc_2022,1
loc_2495,1
loc_1757,1
loc_2180,0
loc_0671,0
loc_0551,0
loc_2678,0
loc_1278,1
loc_1671,1
loc_0746,1
loc_2715,1
loc_0745,0
loc_1127,0
loc_2560,0
loc_0517,0
loc_2377,0
loc_2067,0
loc_2484,1
loc_1674,1
loc_1904,1
loc_0083,1
loc_0672,1
loc_2322,0
loc_2202,1
loc_0743,1
loc_0268,1
loc_1673,1
loc_2904,0
loc_0358,0
loc_1228,1
loc_2926,1
loc_1085,0
loc_1670,1
loc_1905,1
loc_0044,0
loc_1227,0
loc_0338,0
loc_2301,0
loc_2376,0
loc_2408,0
loc_1758,0
loc_0086,0
loc_1280,0
loc_0515,1
loc_1667,0
loc_0748,0
loc_0670,1
loc_0291,0
loc_1906,0
loc_1759,1
loc_2021,0
loc_2037,0
loc_0359,0
loc_2295,0
loc_2530,0
loc_1084,0
loc_1279,1
loc_0516,1
loc_2971,1
loc_2248,0
loc_2865,0
loc_2827,0
loc_0085,1
loc_0267,1
loc_1083,0
loc_2726,0
loc_1669,1
loc_2080,1
loc_0747,1
loc_1668,0
loc_2582,0
loc_1879,0
loc_2690,1
loc_1277,0
loc_0742,0
loc_2981,1
loc_2579,0
loc_0270,0
loc_0080,0
loc_1273,0
loc_0520,1
loc_0738,0
loc_2405,1
loc_1902,0
loc_2864,0
loc_1088,0
loc_2247,1
loc_1679,0
loc_2679,0
loc_2023,0
loc_1274,1
loc_1880,0
loc_2388,0
loc_1680,0
loc_2036,1
loc_1230,0
loc_2296,0
loc_0079,1
loc_1231,0
loc_2183,1
loc_1272,1
loc_2451,1
loc_2201,0
loc_1682,0
loc_2811,1
loc_0736,0
loc_1089,1
loc_2078,1
loc_0046,1
loc_1681,0
loc_0737,0
loc_0356,1
loc_2378,0
loc_1754,0
loc_1271,1
loc_2972,1
loc_0081,0
loc_1676,0
loc_0290,0
loc_1276,0
loc_2580,0
loc_0082,1
loc_0045,1
loc_0741,1
loc_1229,0
loc_1086,0
loc_2079,0
loc_1675,1
loc_0518,0
loc_0673,0
loc_2181,0
loc_2456,0
loc_1756,1
loc_2481,0
loc_0357,0
loc_0740,1
loc_2810,1
loc_0339,0
loc_1126,0
loc_2725,1
loc_2238,1
loc_2442,0
loc_2182,0
loc_0739,0
loc_1678,1
loc_1275,0
loc_1755,1
loc_1677,0
loc_0519,0
loc_0269,0
loc_2524,0
loc_1903,1
loc_0674,1
loc_0550,0
loc_1087,0
loc_0275,0
loc_0071,1
loc_2862,0
loc_0701,0
loc_1240,1
loc_0537,0
loc_1723,1
loc_2441,1
loc_1885,0
loc_1738,0
loc_1249,0
loc_0281,0
loc_1722,1
loc_1109,0
loc_2318,0
loc_1117,1
loc_2977,1
loc_1721,0
loc_2569,1
loc_2242,0
loc_2193,1
loc_2685,0
loc_2072,0
loc_0699,0
loc_1724,1
loc_1110,0
loc_1248,0
loc_0346,1
loc_1889,0
loc_2565,1
loc_0060,1
loc_0688,1
loc_0343,0
loc_2384,0
loc_2406,0
loc_1116,0
loc_1737,1
loc_2820,0
loc_0700,0
loc_0543,0
loc_2453,0
loc_0061,0
loc_0702,1
loc_2819,1
loc_0704,0
loc_1719,0
loc_2073,0
loc_0280,0
loc_1251,1
loc_0687,0
loc_0062,0
loc_1718,0
loc_0535,1
loc_1239,1
loc_1740,1
loc_2383,1
loc_1717,0
loc_2527,1
loc_1891,0
loc_2923,0
loc_2720,0
loc_1107,0
loc_1118,0
loc_0053,1
loc_1890,0
loc_2452,0
loc_2197,0
loc_1108,0
loc_0347,0
loc_1739,1
loc_1720,0
loc_2386,1
loc_2979,1
loc_2030,0
loc_2493,0
loc_1250,0
loc_0536,0
loc_2860,0
loc_0703,1
loc_2823,0
loc_2907,0
loc_2299,1
loc_0285,1
loc_2194,0
loc_0691,0
loc_1887,0
loc_2718,1
loc_1115,0
loc_0540,0
loc_2032,1
loc_2483,0
loc_2528,0
loc_2071,0
loc_2385,1
loc_2978,0
loc_1734,0
loc_1730,0
loc_1244,1
loc_0057,1
loc_2241,1
loc_1886,0
loc_1731,0
loc_1242,1
loc_1113,0
loc_1733,0
loc_2196,0
loc_2822,1
loc_0692,0
loc_2566,1
loc_0284,0
loc_1114,0
loc_2922,1
loc_1732,0
loc_0541,0
loc_0693,0
loc_0344,1
loc_2859,1
loc_0694,0
loc_0055,0
loc_0056,0
loc_1243,0
loc_0283,0
loc_2570,0
loc_0542,0
loc_0695,0
loc_0689,0
loc_1111,1
loc_2719,1
loc_0698,0
loc_1726,0
loc_0054,0
loc_0282,1
loc_0697,0
loc_2031,0
loc_2033,0
loc_2070,0
loc_1725,0
loc_2568,1
loc_0059,1
loc_0538,0
loc_2240,0
loc_1247,1
loc_1727,0
loc_0539,1
loc_1736,1
loc_1729,0
loc_2567,0
loc_1735,0
loc_2686,1
loc_1245,0
loc_1241,0
loc_2687,0
loc_1728,0
loc_2195,1
loc_2821,1
loc_0696,1
loc_1888,0
loc_0345,0
loc_0058,0
loc_0690,0
loc_2317,1
loc_1246,0
loc_1112,1
loc_0063,0
loc_1106,0
loc_2192,0
loc_1258,0
loc_0287,1
loc_0530,1
loc_2529,1
loc_1705,0
loc_2573,0
loc_1101,1
loc_0068,1
loc_1259,0
loc_0716,1
loc_2069,1
loc_1120,0
loc_1704,0
loc_2975,0
loc_1100,0
loc_0717,0
loc_2816,0
loc_1236,1
loc_2454,0
loc_2994,1
loc_2906,1
loc_0531,0
loc_1707,0
loc_1102,0
loc_1894,1
loc_0683,0
loc_2824,0
loc_0277,0
loc_2683,1
loc_0715,0
loc_1883,0
loc_0350,1
loc_1706,0
loc_1744,0
loc_2028,0
loc_1257,0
loc_2189,0
loc_2244,0
loc_0684,0
loc_0069,0
loc_2075,1
loc_2188,0
loc_0719,0
loc_1746,0
loc_2027,0
loc_1701,0
loc_2574,0
loc_1896,1
loc_1099,1
loc_1235,0
loc_1261,1
loc_2815,0
loc_0720,1
loc_0681,0
loc_1700,0
loc_2722,0
loc_0528,0
loc_2682,1
loc_2199,1
loc_0070,0
loc_1702,1
loc_0050,0
loc_0718,0
loc_0682,0
loc_0546,0
loc_2526,1
loc_1895,0
loc_0276,1
loc_0351,0
loc_1260,1
loc_2924,0
loc_2563,0
loc_1745,1
loc_1703,1
loc_2381,1
loc_0529,0
loc_0341,0
loc_2908,0
loc_2482,0
loc_1082,0
loc_0714,0
loc_2717,0
loc_0686,1
loc_1714,0
loc_2300,1
loc_1892,1
loc_2191,1
loc_0709,0
loc_1713,0
loc_1104,1
loc_0710,0
loc_2029,0
loc_0685,0
loc_2298,0
loc_2427,0
loc_2571,0
loc_0533,0
loc_0065,1
loc_2976,0
loc_1715,0
loc_0708,0
loc_0342,0
loc_0705,0
loc_1252,0
loc_0544,0
loc_0706,0
loc_0348,1
loc_0707,0
loc_1238,1
loc_0286,0
loc_1716,0
loc_2684,0
loc_0534,0
loc_2818,1
loc_0279,0
loc_0052,0
loc_0064,1
loc_1105,0
loc_1253,1
loc_2564,1
loc_1119,0
loc_1254,0
loc_1741,1
loc_2861,0
loc_1710,0
loc_2422,1
loc_2319,1
loc_2817,0
loc_0051,0
loc_2190,0
loc_1256,1
loc_0712,1
loc_1709,1
loc_2572,0
loc_1743,1
loc_2074,1
loc_1708,0
loc_0713,1
loc_0067,0
loc_0545,0
loc_2721,0
loc_1103,0
loc_2858,0
loc_2243,0
loc_1712,1
loc_1255,1
loc_1237,1
loc_0711,1
loc_2198,0
loc_0349,1
loc_0278,0
loc_2382,1
loc_1742,0
loc_1711,0
loc_1893,1
loc_0532,0
loc_2492,1
loc_2034,0
loc_2688,1
loc_0066,0
loc_1884,0
loc_2808,0
loc_1666,1
loc_2179,1
loc_0496,1
loc_1620,0
loc_2520,0
loc_1920,1
loc_1217,1
loc_2040,0
loc_2438,0
loc_1621,1
loc_2254,0
loc_2901,0
loc_2479,1
loc_2087,1
loc_2870,1
loc_2798,1
loc_0370,1
loc_1619,1
loc_0108,0
loc_0035,0
loc_1776,0
loc_2207,0
loc_1218,1
loc_0497,0
loc_1060,0
loc_1919,0
loc_0786,0
loc_0107,0
loc_0655,0
loc_1307,0
loc_2831,0
loc_1059,0
loc_0787,0
loc_0334,1
loc_1622,0
loc_0254,0
loc_0788,0
loc_2013,0
loc_1775,0
loc_0654,1
loc_2167,0
loc_1136,0
loc_2064,1
loc_1137,1
loc_2369,1
loc_1616,1
loc_1921,1
loc_2670,0
loc_1310,0
loc_0792,1
loc_0110,1
loc_2555,0
loc_1873,1
loc_1778,1
loc_2797,0
loc_1056,1
loc_1615,1
loc_2595,1
loc_0494,0
loc_0653,0
loc_0371,0
loc_1057,0
loc_0789,0
loc_0559,1
loc_2594,1
loc_1308,1
loc_0790,0
loc_1777,0
loc_2965,1
loc_0109,0
loc_0296,1
loc_1058,0
loc_2732,0
loc_1618,1
loc_0495,1
loc_0253,0
loc_1309,0
loc_0791,0
loc_1617,1
loc_2593,0
loc_1623,0
loc_1306,1
loc_2671,1
loc_1917,0
loc_2983,0
loc_1063,0
loc_1303,0
loc_1134,0
loc_1629,0
loc_2253,1
loc_1773,0
loc_0368,1
loc_0658,0
loc_0104,1
loc_0256,0
loc_0295,0
loc_0499,0
loc_2929,1
loc_2556,1
loc_0782,0
loc_2869,0
loc_1630,0
loc_0781,1
loc_0557,0
loc_1065,0
loc_1301,0
loc_2170,0
loc_0780,0
loc_1631,0
loc_2314,0
loc_2591,0
loc_0103,1
loc_1064,0
loc_0037,0
loc_2672,0
loc_1302,1
loc_2206,0
loc_0500,0
loc_2302,0
loc_2800,0
loc_1628,1
loc_2166,1
loc_1062,0
loc_1627,0
loc_2292,0
loc_0255,0
loc_0036,0
loc_2370,1
loc_1625,1
loc_2799,0
loc_0369,1
loc_0784,0
loc_1219,0
loc_0106,0
loc_1061,0
loc_1624,1
loc_2168,0
loc_2326,0
loc_0656,1
loc_2391,0
loc_0785,0
loc_0498,1
loc_1305,0
loc_2497,0
loc_2592,0
loc_2731,1
loc_1918,1
loc_1874,1
loc_1304,1
loc_1774,1
loc_2966,0
loc_0105,0
loc_2169,1
loc_2459,0
loc_2713,0
loc_1135,0
loc_0783,1
loc_0657,0
loc_0558,1
loc_1626,1
loc_2014,1
loc_2086,0
loc_0793,1
loc_2012,1
loc_1311,1
loc_1605,0
loc_1604,0
loc_2163,1
loc_0803,0
loc_1783,1
loc_1050,0
loc_2734,0
loc_1214,0
loc_2900,1
loc_1925,0
loc_2598,1
loc_0649,1
loc_2367,0
loc_1213,1
loc_0116,0
loc_0374,0
loc_1603,0
loc_0802,0
loc_1317,1
loc_1051,0
loc_2392,0
loc_0800,0
loc_0250,0
loc_2712,0
loc_1139,1
loc_1606,1
loc_2011,0
loc_1315,0
loc_1872,0
loc_2795,0
loc_0801,1
loc_1316,0
loc_2554,0
loc_2993,1
loc_1782,0
loc_0490,0
loc_0115,0
loc_0489,1
loc_2404,0
loc_0249,0
loc_0032,0
loc_2162,0
loc_0806,1
loc_0332,0
loc_1320,0
loc_1600,0
loc_0807,1
loc_1784,1
loc_1601,1
loc_1599,0
loc_2063,1
loc_0298,1
loc_2290,1
loc_2429,0
loc_2599,0
loc_0808,1
loc_0647,1
loc_1926,1
loc_0562,0
loc_0488,0
loc_2209,0
loc_2256,0
loc_1602,0
loc_2668,0
loc_2010,0
loc_1318,0
loc_2794,0
loc_0805,0
loc_0648,1
loc_2498,0
loc_1319,1
loc_2313,1
loc_2041,1
loc_2963,0
loc_0117,0
loc_1049,1
loc_2090,0
loc_2449,1
loc_0804,1
loc_2371,1
loc_1924,0
loc_2597,1
loc_2327,0
loc_0333,1
loc_2910,0
loc_2255,0
loc_1780,1
loc_1611,1
loc_2596,0
loc_2420,0
loc_1313,0
loc_2165,1
loc_0372,0
loc_2460,0
loc_0651,0
loc_2208,1
loc_1610,1
loc_2832,0
loc_0112,1
loc_0796,0
loc_1612,1
loc_1312,1
loc_2088,0
loc_1614,0
loc_0794,0
loc_0652,0
loc_0560,0
loc_1216,0
loc_0795,1
loc_2693,1
loc_0111,0
loc_0252,1
loc_0034,0
loc_1613,0
loc_1922,0
loc_1779,0
loc_2930,1
loc_0493,1
loc_1055,0
loc_2796,0
loc_2519,0
loc_0797,0
loc_2919,1
loc_2368,1
loc_2410,0
loc_0033,0
loc_1608,0
loc_0491,0
loc_0650,0
loc_0373,0
loc_1314,0
loc_2426,0
loc_0114,1
loc_0561,0
loc_2164,0
loc_1052,0
loc_2089,0
loc_2984,1
loc_1607,0
loc_2303,0
loc_2669,0
loc_2854,1
loc_1609,0
loc_2992,0
loc_2733,0
loc_1923,0
loc_2235,0
loc_0492,0
loc_2871,1
loc_0798,1
loc_1215,0
loc_1138,0
loc_1781,1
loc_0251,0
loc_2964,0
loc_0113,0
loc_1053,1
loc_0799,0
loc_0297,0
loc_2291,0
loc_1054,1
loc_1462,1
loc_1632,1
loc_0659,1
loc_2428,0
loc_2176,0
loc_0759,0
loc_0092,1
loc_0263,0
loc_0362,0
loc_2439,1
loc_2294,1
loc_2250,0
loc_1225,1
loc_2691,1
loc_1654,1
loc_2082,1
loc_1653,0
loc_2066,0
loc_1910,0
loc_0666,1
loc_2019,0
loc_0510,0
loc_1655,1
loc_1286,0
loc_2559,1
loc_1762,0
loc_0091,1
loc_2806,0
loc_0757,1
loc_0337,1
loc_2903,0
loc_2909,1
loc_1076,0
loc_0758,1
loc_2585,1
loc_0667,0
loc_2828,0
loc_1763,0
loc_1287,0
loc_1656,0
loc_1288,1
loc_0760,0
loc_0041,0
loc_1130,0
loc_0262,0
loc_2675,0
loc_0508,1
loc_1290,1
loc_1765,0
loc_0094,1
loc_0762,0
loc_2175,0
loc_1650,0
loc_2999,0
loc_0363,0
loc_2867,1
loc_1911,0
loc_0664,1
loc_2018,0
loc_0763,1
loc_1651,0
loc_2728,1
loc_1877,1
loc_1075,1
loc_2969,0
loc_1764,1
loc_2374,0
loc_0509,0
loc_0093,0
loc_1289,0
loc_1224,0
loc_2982,1
loc_0665,0
loc_2204,1
loc_0554,1
loc_2805,0
loc_0761,0
loc_1652,0
loc_2586,0
loc_1074,0
loc_2676,0
loc_0292,0
loc_2920,1
loc_1909,0
loc_1663,1
loc_0752,0
loc_1283,0
loc_0088,0
loc_2389,0
loc_0513,0
loc_1226,1
loc_0360,1
loc_1079,1
loc_1907,1
loc_1129,0
loc_2178,0
loc_2807,0
loc_0753,1
loc_0668,0
loc_2203,0
loc_2081,0
loc_2523,1
loc_1760,0
loc_1282,0
loc_0749,1
loc_0266,1
loc_0750,0
loc_0669,1
loc_1081,0
loc_1128,0
loc_1665,0
loc_0087,0
loc_1281,0
loc_0514,1
loc_0751,1
loc_0043,0
loc_0552,0
loc_1664,1
loc_2583,1
loc_1080,0
loc_2677,1
loc_0265,0
loc_2496,1
loc_2727,1
loc_2249,1
loc_1285,1
loc_0361,0
loc_0090,0
loc_0042,0
loc_1761,1
loc_2177,1
loc_2457,0
loc_2866,0
loc_1659,1
loc_2927,0
loc_0756,0
loc_1658,1
loc_0511,0
loc_1077,0
loc_0553,0
loc_1657,0
loc_0264,0
loc_2237,1
loc_2375,1
loc_2856,0
loc_0754,1
loc_2970,0
loc_2421,0
loc_0089,1
loc_1878,1
loc_2323,1
loc_0755,1
loc_2315,0
loc_2423,1
loc_2020,1
loc_1284,0
loc_1661,0
loc_0512,0
loc_1660,0
loc_1908,0
loc_1078,0
loc_2584,0
loc_1662,0
loc_2558,1
loc_1766,1
loc_1649,0
loc_2557,1
loc_0294,0
loc_2372,0
loc_2409,1
loc_1770,0
loc_1068,1
loc_0366,0
loc_1297,0
loc_1637,0
loc_0100,0
loc_0774,0
loc_0660,1
loc_2252,0
loc_2016,0
loc_0775,0
loc_1636,0
loc_0503,1
loc_2902,0
loc_2039,1
loc_1221,0
loc_0504,1
loc_0772,0
loc_2868,0
loc_1639,1
loc_0556,1
loc_2589,0
loc_0099,0
loc_2065,0
loc_1133,0
loc_1769,1
loc_0259,0
loc_1069,0
loc_2172,0
loc_2293,0
loc_2802,0
loc_0773,0
loc_1638,1
loc_2673,0
loc_2205,1
loc_1298,0
loc_1915,0
loc_0777,0
loc_1220,1
loc_2692,0
loc_0778,1
loc_2085,0
loc_0102,0
loc_2855,0
loc_2801,0
loc_0367,1
loc_2521,0
loc_1916,1
loc_1772,1
loc_0257,0
loc_0501,1
loc_2015,1
loc_0779,0
loc_1633,0
loc_1634,1
loc_1771,1
loc_1300,0
loc_0258,0
loc_1067,1
loc_1299,1
loc_2967,1
loc_0101,1
loc_2236,0
loc_2325,1
loc_0335,0
loc_0502,0
loc_2171,0
loc_1635,1
loc_2590,1
loc_0776,0
loc_1875,0
loc_2531,0
loc_1066,1
loc_2730,0
loc_0038,0
loc_2830,0
loc_2450,0
loc_1640,0
loc_0663,1
loc_2829,0
loc_0766,1
loc_1072,0
loc_2324,0
loc_0767,1
loc_0096,1
loc_2174,1
loc_0364,0
loc_2390,1
loc_1646,0
loc_0506,1
loc_0768,0
loc_0555,0
loc_1767,0
loc_2251,0
loc_1293,1
loc_1912,1
loc_2522,1
loc_0293,0
loc_1291,1
loc_0764,1
loc_2804,1
loc_0765,1
loc_2491,0
loc_2038,1
loc_1648,0
loc_2587,0
loc_0095,0
loc_1292,1
loc_0040,0
loc_0507,0
loc_1073,1
loc_1647,0
loc_0261,0
loc_2480,0
loc_2083,0
loc_1645,1
loc_1914,0
loc_1071,0
loc_1644,0
loc_0769,0
loc_1070,0
loc_2729,1
loc_1294,0
loc_0039,0
loc_1642,1
loc_0770,1
loc_0505,1
loc_0098,0
loc_0365,1
loc_1295,0
loc_1222,0
loc_0771,1
loc_1641,0
loc_0661,1
loc_1296,0
loc_2084,1
loc_1132,1
loc_2928,1
loc_2458,1
loc_2588,1
loc_1913,0
loc_1223,0
loc_2968,0
loc_0336,0
loc_0097,0
loc_2714,1
loc_1131,0
loc_2803,0
loc_0260,1
loc_2173,1
loc_1876,0
loc_1768,1
loc_1643,0
loc_0662,1
loc_2674,1
loc_2017,1
loc_2373,0
loc_1967,1
loc_2737,1
loc_2345,1
loc_2943,0
loc_0956,0
loc_0931,1
loc_1405,0
loc_2275,1
loc_1855,0
loc_1172,0
loc_2945,1
loc_0977,0
loc_2111,0
loc_2758,1
loc_2759,1
loc_0962,1
loc_0948,1
loc_2117,1
loc_2346,1
loc_0952,1
loc_1432,0
loc_0958,1
loc_1444,1
loc_2507,0
loc_1174,1
loc_2274,1
loc_2647,0
loc_1179,1
loc_0966,0
loc_2890,1
loc_2114,1
loc_0973,0
loc_2646,0
loc_1972,1
loc_0317,1
loc_0979,0
loc_0594,0
loc_0431,0
loc_1443,1
loc_0198,0
loc_2757,0
loc_1401,0
loc_2847,0
loc_2946,0
loc_1461,0
loc_2942,0
loc_1408,0
loc_1404,0
loc_1402,0
loc_1448,1
loc_1412,1
loc_2645,0
loc_0417,0
loc_0419,0
loc_0938,0
loc_0603,0
loc_2341,0
loc_1424,0
loc_1169,0
loc_1428,0
loc_0601,0
loc_2112,0
loc_2279,1
loc_1438,1
loc_0416,0
loc_1457,1
loc_1843,0
loc_2276,0
loc_1970,0
loc_1435,0
loc_0953,0
loc_2470,0
loc_0949,0
loc_2702,1
loc_1181,1
loc_1170,0
loc_0590,0
loc_2124,0
loc_1178,0
loc_0589,0
loc_2051,0
loc_0945,0
loc_1180,0
loc_0978,1
loc_0413,1
loc_2118,1
loc_0967,1
loc_2845,1
loc_0598,0
loc_2536,0
loc_0954,0
loc_0970,1
loc_0584,1
loc_1418,0
loc_1411,0
loc_0203,0
loc_0205,1
loc_2113,1
loc_1168,0
loc_0937,0
loc_2123,0
loc_2308,0
loc_2055,0
loc_2540,1
loc_2634,0
loc_1968,1
loc_1430,1
loc_2539,1
loc_0208,1
loc_2122,0
loc_0592,1
loc_1446,0
loc_0929,1
loc_2888,1
loc_0418,0
loc_0206,1
loc_0964,1
loc_1417,0
loc_0186,0
loc_1415,0
loc_1410,1
loc_0189,1
loc_2126,0
loc_2278,1
loc_2432,1
loc_0587,0
loc_0942,0
loc_2941,0
loc_2227,0
loc_1420,0
loc_2425,1
loc_2846,1
loc_0420,0
loc_0933,0
loc_0210,1
loc_2752,1
loc_1853,0
loc_0414,0
loc_0586,1
loc_1842,0
loc_0196,0
loc_2887,1
loc_0204,0
loc_0927,0
loc_0426,1
loc_2343,0
loc_0182,1
loc_0946,0
loc_1173,0
loc_0201,0
loc_0423,0
loc_0432,0
loc_0599,0
loc_2643,1
loc_0185,0
loc_2487,0
loc_1456,1
loc_2416,0
loc_2054,0
loc_2053,0
loc_0928,0
loc_2889,1
loc_1976,0
loc_2537,1
loc_2307,0
loc_2224,0
loc_1840,0
loc_2633,0
loc_2433,0
loc_1421,0
loc_1425,0
loc_2471,1
loc_1436,0
loc_0007,0
loc_1413,0
loc_0313,1
loc_0194,0
loc_0588,0
loc_0409,1
loc_0597,0
loc_1854,0
loc_2642,0
loc_1839,0
loc_0941,1
loc_0319,0
loc_1460,0
loc_0961,0
loc_1846,0
loc_2120,0
loc_0972,0
loc_1439,1
loc_0934,1
loc_2753,0
loc_1851,0
loc_0422,1
loc_0318,1
loc_2228,0
loc_0207,1
loc_0003,1
loc_1452,0
loc_0593,0
loc_1975,0
loc_0006,0
loc_0199,0
loc_1447,1
loc_1429,1
loc_0314,1
loc_1982,1
loc_2226,0
loc_1403,0
loc_0976,0
loc_0428,0
loc_0197,0
loc_0591,1
loc_2940,1
loc_1974,0
loc_2445,0
loc_0211,1
loc_1978,0
loc_0943,1
loc_0955,0
loc_0200,1
loc_0600,0
loc_2848,1
loc_2052,0
loc_2116,1
loc_1984,0
loc_1980,0
loc_1841,0
loc_1454,1
loc_1426,0
loc_1437,0
loc_0596,1
loc_0421,1
loc_0425,1
loc_0193,0
loc_0408,0
loc_2760,0
loc_2508,1
loc_0183,0
loc_0925,1
loc_1848,0
loc_1400,0
loc_2280,1
loc_0585,0
loc_2639,0
loc_2121,0
loc_1458,1
loc_2996,1
loc_1985,0
loc_1971,0
loc_1440,0
loc_1983,1
loc_1979,0
loc_1422,0
loc_2944,0
loc_1434,0
loc_2223,0
loc_0971,0
loc_1847,1
loc_0407,1
loc_0005,1
loc_1850,0
loc_2538,0
loc_1409,1
loc_2641,0
loc_1837,1
loc_1449,1
loc_2504,1
loc_2340,0
loc_1838,1
loc_2644,0
loc_2638,1
loc_0429,0
loc_1441,0
loc_1182,0
loc_2915,0
loc_0975,1
loc_2761,1
loc_2400,1
loc_0002,0
loc_1844,1
loc_2415,0
loc_0947,0
loc_1406,1
loc_2347,0
loc_0974,1
loc_1176,1
loc_0583,1
loc_2704,0
loc_1171,0
loc_2755,0
loc_0932,0
loc_2763,0
loc_1450,0
loc_1423,1
loc_0963,1
loc_2115,0
loc_2756,0
loc_0184,0
loc_0430,1
loc_0968,0
loc_2754,0
loc_0965,1
loc_1845,1
loc_0960,0
loc_0004,1
loc_1451,0
loc_0950,1
loc_1969,0
loc_2991,0
loc_2472,1
loc_0412,0
loc_0202,1
loc_0936,1
loc_2762,1
loc_2277,0
loc_0415,0
loc_1416,1
loc_0195,1
loc_1973,0
loc_2764,0
loc_2636,0
loc_0939,1
loc_2506,0
loc_1177,0
loc_0959,0
loc_2648,0
loc_0410,1
loc_2505,1
loc_1981,0
loc_2891,0
loc_2402,1
loc_0935,0
loc_2705,1
loc_0192,0
loc_2119,1
loc_1455,0
loc_0951,0
loc_0424,1
loc_2886,0
loc_2947,0
loc_1977,0
loc_2125,0
loc_2417,1
loc_2914,0
loc_0595,1
loc_2401,0
loc_2344,0
loc_2635,0
loc_0957,1
loc_1849,0
loc_0930,0
loc_2844,0
loc_1852,0
loc_1407,0
loc_2637,0
loc_1459,0
loc_0411,0
loc_1453,0
loc_2342,1
loc_0969,0
loc_1445,1
loc_0316,0
loc_1419,0
loc_1175,0
loc_1427,0
loc_0209,0
loc_0188,1
loc_1433,0
loc_0187,1
loc_2703,1
loc_0001,0
loc_0944,1
loc_0602,0
loc_0926,1
loc_0940,0
loc_1431,1
loc_2339,0
loc_0190,0
loc_1414,1
loc_1442,1
loc_2640,1
loc_0427,0
loc_1167,0
loc_2225,0
loc_2473,0
loc_0315,0
loc_0191,0
